Produce,Bakery,Deli,Meat/Seafood,Dairy,Grocery,Frozen Foods,Health/Beauty
Apple,Bread,Ham,Chicken Breast,Milk,Rice,Ice Cream,Shampoo
Banana,Cake,Salami,Salmon Fillet,Cheese,Yogurt,Pasta,Toothpaste
Orange,Croissant,Roast Beef,Ground Beef,Butter,Cereal,Frozen Vegetables,Soap
Lettuce,Doughnut,Turkey,Beef Steak,Eggs,Canned Soup,French Fries,Conditioner
Tomato,Bagel,Provolone Cheese,Bacon,Sour Cream,Peanut Butter,Pizza,Lotion
Cucumber,Muffin,Chicken Salad,Pork Chops,Yogurt Drink,Chips,Chicken Nuggets,Toothbrush
Carrot,Pie,Tuna Salad,Lamb Chops,Whipped Cream,Coffee,Frozen Pizza,Deodorant
Broccoli,Cupcake,Pastrami,Sausage,Orange Juice,Tea,Chicken Wings,Face Wash
Grapes,Donut,Salad Bar,Fish Fillet,Whipped Butter,Snacks,Frozen Desserts,Body Wash
Strawberries,Pretzel,Prosciutto,Shrimp,Heavy Cream,Soda,Breakfast Sandwiches,Hand Sanitizer
Pineapple,Croissant,Italian Meatballs,Pork Ribs,Cheddar Cheese,Crackers,Potato Wedges,Face Mask
Watermelon,Muffin,Turkey Breast,Tilapia,Feta Cheese,Popcorn,Chicken Strips,Toothpaste
Mango,Bagel,Honey Ham,Ground Turkey,Yogurt,Garlic Bread,Chicken Patties,Shampoo
Blueberries,Pie,Pepperoni,Chicken Thighs,Cottage Cheese,Oatmeal,Frozen Burritos,Conditioner
Potatoes,Doughnut,Bologna,Turkey Sausage,Whipped Butter,Granola Bars,Frozen Pies,Body Lotion
Onion,Cake,Roast Beef,Beef Chuck,Buttermilk,Energy Drinks,Chicken Fingers,Facial Cleanser
Lemon,Croissant,Corned Beef,Ground Pork,Heavy Whipping Cream,Nuts,Frozen Dinners,Hand Soap
Avocado,Bagel,Smoked Turkey,Fresh Fish,Mozzarella Cheese,Pasta Sauce,Frozen Snacks,Facial Moisturizer
Bell Pepper,Muffin,Peppered Ham,Chicken Wings,Yogurt Drink,Crackers,Chicken Tenders,Toothbrush Holder
Grapefruit,Pie,Black Forest Ham,Beef Tenderloin,Whipped Topping,Granola,Frozen Fruit,Body Wash
Spinach,Doughnut,Provolone Cheese,Ground Lamb,Sour Cream,Popcorn Chicken,Chicken Pot Pie,Lip Balm
Mushroom,Cake,Honey Turkey,Ground Chicken,Cottage Cheese,Cereal Bars,Chicken Burgers,Hand Sanitizer
Pear,Croissant,Pastrami,Beef Brisket,Mozzarella Sticks,Coffee Creamer,Frozen Dessert,Shampoo
Cabbage,Bagel,Turkey Pastrami,Lamb Shank,Goat Cheese,Olive Oil,Frozen Vegetarian,Conditioner
Raspberry,Muffin,Salad Bar,Fresh Seafood,Almond Milk,Trail Mix,Frozen Waffles,Toothpaste
Broccoli,Cupcake,Prosciutto,Chicken Sausage,Chocolate Milk,Dried Fruit,Frozen Yogurt,Body Lotion
